rank,company,website,state_l,city,zipcode,growth,industry,founded,ifc_business_model,workers,previous_workers,state_s,metro,metrocode,name
1,CareBridge,http://carebridgehealth.com,Tennessee,Nashville,37206,157144,Health Services,2018,"Providing clinical support to patients, family members and caregivers to ensure members can remain independent.",292,15,TN,Nashville,"Nashville-Davidson--Murfreesboro--Franklin, TN",
2,CharterUP,http://charterup.com,Texas,Austin,78701,111130,Travel & Hospitality,2018,"A fully integrated marketplace for bus charters in the U.S., offering immediate real-time booking.",124,20,TX,Austin,"Austin-Round Rock-Georgetown, TX",
3,Birch Creek Energy,birchcreekdev.com,Missouri,St. Louis,63103,87665,Energy,2019,"Providing development, financing and ownership of utility scale solar and storage projects in the U.S.",22,4,MO,St. Louis,"St. Louis, MO-IL",
4,Green Light Distribution,greenlightdistribution.com,Texas,Coppell,75077,41090,Food & Beverage,2019,A distribution company that provides services for small to mid-size wine and craft spirits brands.,150,8,TX,Dallas,"Dallas-Fort Worth-Arlington, TX",
5,Liveshopper Sassie,liveshopper.com,Ohio,findlay,45840,37386,Software,2016,"Providing market research software, including a plug-in allowing for geofenced, live feedback from app users.",35,6,OH,,,
6,FlexCare Infusion Centers,flexcareinfusion.com,Oklahoma,Oklahoma City,73114,35012,Health Services,2019,"Providing accessible, specialty infusion and injection services to patients with rare, chronic and complex conditions.",150,6,OK,Oklahoma City,"Oklahoma City, OK",
7,Upward Health,upwardhealth.com,New York,Hauppauge,11788,30808,Health Services,2010,"A medical group providing in-home access to care, including physical and social determinants of health.",294,32,NY,New York,"New York-Newark-Jersey City, NY-NJ-PA",
8,Marketcall,marketcall.com,California,"Pasadena, CA",91105,30716,Advertising & Marketing,2017,"Matching advertisers with suitable affiliates, pairing them for long-term, scalable success in maximizing profits.",6,1,CA,Los Angeles,"Los Angeles-Long Beach-Anaheim, CA",
9,EverHive Corporation,http://everhive.com,California,San Diego,92101,25801,Human Resources,2016,Providing contingent workforce solutions that evolve and grow with the needs of clients' enterprises.,14,2,CA,San Diego,"San Diego-Chula Vista-Carlsbad, CA",
10,Sonoran Roots,sonoranroots.com,Arizona,Tempe,85226,24397,Health Products,2018,"A vertically integrated, seed-to-sale craft cannabis company producing high quality, clean and compliant cannabis products.",158,4,AZ,Phoenix,"Phoenix-Mesa-Chandler, AZ",
