Ranking,Ranking(tie),University Name,Ranking Category,U.S. News Profile URL,City/State,Overview,Tuition and Fees,Tuition and Fees (in-state),Undergraduate Enrollment (fall 2025),U.S. News Reviews,Photo Count,Image URL
#1,,Massachusetts Institute of Technology,National Universities,https://www.usnews.com/best-colleges/massachusetts-institute-of-technology-2178,"Cambridge, MA","Founded in 1861, Massachusetts Institute of Technology is a private institution.","$67,140",,"4,561",19 reviews,15,https://www.usnews.com/dims4/USNEWS/e36f3bc/17177859217/thumbnail/196x196/quality/85/?url=https%3A%2F%2Fwww.usnews.com%2Fcmsmedia%2Fa8%2Fc5193da7eb9dcbd26e794c018ac87a%2Fcollege-photo_6935.jpg
#2,,Princeton University,National Universities,https://www.usnews.com/best-colleges/princeton-university-2627,"Princeton, NJ","Founded in 1746, Princeton University is a private institution. The school has 72% of its classes with fewer than 20 students, and the student-faculty ratio at Princeton University is 8:1.","$68,454",,"5,916",18 reviews,24,https://www.usnews.com/dims4/USNEWS/519bc26/17177859217/thumbnail/196x196/quality/85/?url=https%3A%2F%2Fwww.usnews.com%2Fcmsmedia%2F4a%2Fde%2Fe754e2714cae81f92edb1c7b273d%2F190827princeton-university23.jpg
#3,,Harvard University,National Universities,https://www.usnews.com/best-colleges/harvard-university-2155,"Cambridge, MA","Founded in 1636, Harvard University is a private institution.","$68,442",,"6,738",14 reviews,6,https://www.usnews.com/dims4/USNEWS/7326ec7/17177859217/thumbnail/196x196/quality/85/?url=https%3A%2F%2Fwww.usnews.com%2Fcmsmedia%2F65%2F09a2103d862fb8eb15a9a6542c080b%2Fcollege-photo_8866.jpg
#4,,Yale University,National Universities,https://www.usnews.com/best-colleges/yale-university-1426,"New Haven, CT","Founded in 1701, Yale University is a private institution.","$72,500",,"6,667",15 reviews,1,https://www.usnews.com/dims4/USNEWS/0f297a9/17177859217/thumbnail/196x196/quality/85/?url=https%3A%2F%2Fwww.usnews.com%2Fcmsmedia%2F8f%2Ff7526019804e07ae828f06b89df8c0%2Fcollege-photo_8737.jpg
#5,(tie),California Institute of Technology,National Universities,https://www.usnews.com/best-colleges/california-institute-of-technology-1131,"Pasadena, CA","Founded in 1891, California Institute of Technology is a private institution. The school has 63% of its classes with fewer than 20 students, and the student-faculty ratio at California Institute of...","$71,229",,971,19 reviews,15,https://www.usnews.com/dims4/USNEWS/0a78e3d/17177859217/thumbnail/196x196/quality/85/?url=https%3A%2F%2Fwww.usnews.com%2Fcmsmedia%2F36%2Fb2a8b47dd2d1a501ad2f9a8338118e%2Fcollege-photo_34898.jpg
#5,(tie),Stanford University,National Universities,https://www.usnews.com/best-colleges/stanford-university-1305,"Stanford, CA","Founded in 1885, Stanford University is a private institution. Stanford University offers a Greek system, where 22 percent of the student body is involved in a sorority and 28% is involved in a...","$68,574",,"7,346",15 reviews,23,https://www.usnews.com/dims4/USNEWS/fcaf26c/17177859217/thumbnail/196x196/quality/85/?url=https%3A%2F%2Fwww.usnews.com%2Fcmsmedia%2F6d%2Fc497d367e3b5da44ac673b8f9dfbbf%2Fcollege-photo_10369.jpg
#7,,University of Pennsylvania,National Universities,https://www.usnews.com/best-colleges/university-of-pennsylvania-3378,"Philadelphia, PA","Founded in 1740, University of Pennsylvania is a private institution.","$73,978",,"9,989",37 reviews,9,https://www.usnews.com/dims4/USNEWS/e10ff48/17177859217/thumbnail/196x196/quality/85/?url=https%3A%2F%2Fwww.usnews.com%2Fcmsmedia%2F7c%2F2357eaa9bde06e03bfb80c920320a0%2Fcollege-photo_27654.jpg
#8,,Duke University,National Universities,https://www.usnews.com/best-colleges/duke-university-2920,"Durham, NC","Founded in 1838, Duke University is a private institution. The school has 71% of its classes with fewer than 20 students, and the student-faculty ratio at Duke University is 7:1.","$76,375",,"6,525",44 reviews,16,https://www.usnews.com/dims4/USNEWS/0a2606e/17177859217/thumbnail/196x196/quality/85/?url=https%3A%2F%2Fwww.usnews.com%2Fcmsmedia%2F25%2F2d774e6ec10d6ad447ab9c8f3bbd63%2Fcollege-photo_35613.jpg
#9,(tie),Johns Hopkins University,National Universities,https://www.usnews.com/best-colleges/jhu-2077,"Baltimore, MD","Founded in 1876, Johns Hopkins University is a private institution. Johns Hopkins University offers a Greek system, where 23 percent of the student body is involved in a sorority and 15% is involved...","$69,170",,"6,354",75 reviews,25,https://www.usnews.com/dims4/USNEWS/fcc4235/17177859217/thumbnail/196x196/quality/85/?url=https%3A%2F%2Fwww.usnews.com%2Fcmsmedia%2F16%2Fd110e9e042d0e4bd05b155b1be212b%2Fcollege-photo_9422.jpg
#9,(tie),Northwestern University,National Universities,https://www.usnews.com/best-colleges/northwestern-university-1739,"Evanston, IL","Founded in 1851, Northwestern University is a private institution.","$73,062",,"9,039",40 reviews,14,https://www.usnews.com/dims4/USNEWS/432a39e/17177859217/thumbnail/196x196/quality/85/?url=https%3A%2F%2Fwww.usnews.com%2Fcmsmedia%2Fe3%2Fa8e6faf36f4bc5e57a814a6b99abce%2FNorthwestern-Hero1.jpg
