rank,companyName,growthRate,industry,city,state,country,revenue,revenuePrevious,revenueBand,employees,employeesPrevious,employeeGrowthRate,founded,newlyFounded,listAppearanceCount,leadership,incProfileUrl,companyWebsiteUrl,id,fileLocation,latitude,longitude,address,articles
1,Main Street Health,546533,Healthcare & Medical,Nashville,TN,US,3817652385,698394,$2.5B - $5B,730,338,116,2021,true,1,Bennett Graham | Mitch Betses,https://www.inc.com/profile/main-street-health,,main-street-health,main-street-health,0,0,,"[{""fileLocation"":""i5/article/91376855"",""typeId"":0}]"
2,Commas,353929,Business & Corporate Services,Coral Gables,FL,US,562754265,158957,$500M - $1B,40,2,1900,2020,true,1,Yash Daftary,https://www.inc.com/profile/fanbasis,,fanbasis,fanbasis,0,0,,[]
3,Yantran,258740,IT Services,Allen,TX,US,616223686,238071,$500M - $1B,27,2,1250,2022,false,1,Kiran Manika,https://www.inc.com/profile/yantran,,yantran,yantran,0,0,,[]
4,Beni Solutions,40389,Insurance,Wayne,NJ,US,71855187,177469,$50M - $100M,13,4,225,2021,true,1,Brianna Manente,https://www.inc.com/profile/beni-solutions,,beni-solutions,beni-solutions,0,0,,[]
5,AffirmedRx,36730,Healthcare & Medical,Louisville,KY,US,383613246,1041565,$250M - $500M,114,13,777,2021,true,1,Greg Baker,https://www.inc.com/profile/affirmedrx-public-benefit-corporation,,affirmedrx-public-benefit-corporation,affirmedrx-public-benefit-corporation,0,0,,"[{""fileLocation"":""i5/article/91376876"",""typeId"":0}]"
6,Grip,29398,Logistics & Transportation,Miami,FL,US,42698900,144751,$25M - $50M,90,4,2150,2022,false,1,Juan Camilo Meisel,https://www.inc.com/profile/grip,,grip,grip,0,0,,"[{""fileLocation"":""i5/article/91376933"",""typeId"":0}]"
7,Epique Realty,23210,Real Estate,Houston,TX,US,91293160,391654,$50M - $100M,125,30,317,2021,true,1,Josh Miller,https://www.inc.com/profile/epique-realty,,epique-realty,epique-realty,0,0,,[]
8,Sanas,17426,Artificial Intelligence & Data,Palo Alto,CA,US,19138228,109200,$10M - $25M,132,38,247,2021,true,1,Sharath Narayana,https://www.inc.com/profile/sanas,,sanas,sanas,0,0,,[]
9,Investment Watches,15741,Consumer Products,Austin,TX,US,18628831,117600,$10M - $25M,15,1,1400,2022,false,1,Jonas Berntsen,https://www.inc.com/profile/investment-watches,,investment-watches,investment-watches,0,0,,[]
10,Loop,14831,Software,Chicago,IL,US,15677582,105000,$10M - $25M,398,17,2241,2021,true,1,Matt McKinney,https://www.inc.com/profile/loop_il,,loop_il,loop_il,0,0,,"[{""fileLocation"":""i5/article/91376922"",""typeId"":0}]"
